{
  "project_info": {
    "project_number": "89380040926",
    "project_id": "flutterapp1771020435",
    "storage_bucket": "flutterapp1771020435.firebasestorage.app"
  },
  "client": [
    {
      "client_info": {
        "mobilesdk_app_id": "1:89380040926:android:6c43c123d9d27e31de524f",
        "android_client_info": {
          "package_name": "com.example.sv1771020435"
        }
      },
      "oauth_client": [],
      "api_key": [
        {
          "current_key": "AIzaSyAmWkoPMl8syYud3IS5L2zHpTlyRSHCkGU"
        }
      ],
      "services": {
        "appinvite_service": {
          "other_platform_oauth_client": []
        }
      }
    }
  ],
  "configuration_version": "1"
}